id_incidencia,ubicacion,lat,lon,descripcion,nivel_incidencia,estado,fecha,hora,verificacion_usuario,id_tipo_incidencia,id_usuario,id_numero_emergencia,id_denuncia
1,"-6.865097,-79.818709",-6.865097,-79.818709,Ruido incomodo,C,P,2025-06-01,0 days 21:57:55,1,1,10,2.0,1.0
2,"-6.860871,-79.841653",-6.860871,-79.841653,Denuncia por invasión,B,P,2025-06-01,0 days 13:12:21,1,4,7,1.0,
3,"-6.864927,-79.849447",-6.864927,-79.849447,Problema con agua,A,1,2025-06-01,0 days 23:12:38,1,3,3,,3.0
4,"-6.880734,-79.852224",-6.880734,-79.852224,Robo en proceso,C,1,2025-06-01,0 days 17:31:16,1,4,2,2.0,2.0
5,"-6.869531,-79.832947",-6.869531,-79.832947,Ocurrio un accidente,B,2,2025-06-01,0 days 22:44:43,1,2,4,1.0,4.0
6,"-6.921785,-79.819602",-6.921785,-79.819602,Incendio en el tercer piso,B,A,2025-06-01,0 days 10:07:05,1,2,11,5.0,2.0
7,"-6.889602,-79.858251",-6.889602,-79.858251,Ruido incomodo,3,1,2025-06-01,0 days 12:15:08,1,2,11,4.0,4.0
8,"-6.850893,-79.830969",-6.850893,-79.830969,Problema con agua,C,3,2025-06-01,0 days 04:10:59,1,2,1,5.0,
9,"-6.909804,-79.865383",-6.909804,-79.865383,Denuncia por invasión,A,1,2025-06-01,0 days 05:57:20,1,3,7,,5.0
10,"-6.907116,-79.822736",-6.907116,-79.822736,Denuncia por invasión,3,2,2025-06-01,0 days 23:56:58,1,4,10,5.0,
11,"-6.920406,-79.826859",-6.920406,-79.826859,Ruido incomodo,B,3,2025-06-01,0 days 14:07:59,1,4,12,2.0,4.0
12,"-6.9172,-79.846426",-6.9172,-79.846426,Robo en proceso,B,3,2025-06-01,0 days 04:14:42,1,4,1,4.0,1.0
13,"-6.928381,-79.860314",-6.928381,-79.860314,Incendio en el tercer piso,B,P,2025-06-01,0 days 18:52:36,1,4,6,3.0,1.0
14,"-6.912679,-79.83436",-6.912679,-79.83436,Problema con agua,A,2,2025-06-01,0 days 17:06:55,1,4,6,1.0,3.0
15,"-6.909278,-79.860388",-6.909278,-79.860388,Ruido incomodo,3,1,2025-06-01,0 days 20:12:36,1,3,1,3.0,5.0
16,"-6.852718,-79.858104",-6.852718,-79.858104,Problema con agua,3,2,2025-06-01,0 days 09:48:06,1,1,3,3.0,
17,"-6.920736,-79.818041",-6.920736,-79.818041,Problema con agua,3,3,2025-06-01,0 days 00:11:07,1,2,5,3.0,4.0
18,"-6.904271,-79.82725",-6.904271,-79.82725,Incendio en el tercer piso,C,3,2025-06-01,0 days 03:23:42,1,2,2,2.0,
19,"-6.859831,-79.856985",-6.859831,-79.856985,Denuncia por invasión,3,A,2025-06-01,0 days 10:16:02,1,1,7,,
20,"-6.866729,-79.849468",-6.866729,-79.849468,Denuncia por invasión,3,P,2025-06-01,0 days 19:42:54,1,3,3,1.0,2.0
21,"-6.887926,-79.810831",-6.887926,-79.810831,Denuncia por invasión,B,2,2025-06-01,0 days 11:24:03,1,1,4,,5.0
22,"-6.884563,-79.867549",-6.884563,-79.867549,Denuncia por invasión,B,3,2025-06-01,0 days 08:00:07,1,4,10,4.0,2.0
23,"-6.874518,-79.848156",-6.874518,-79.848156,Ruido incomodo,C,1,2025-06-01,0 days 12:06:38,1,3,5,1.0,1.0
24,"-6.895013,-79.827466",-6.895013,-79.827466,Poste caído en la vía pública,A,1,2025-06-01,0 days 19:07:52,1,3,11,1.0,5.0
25,"-6.928821,-79.840081",-6.928821,-79.840081,Incendio en el tercer piso,A,3,2025-06-01,0 days 05:03:14,1,1,7,,1.0
26,"-6.922823,-79.853148",-6.922823,-79.853148,Denuncia por invasión,C,P,2025-06-01,0 days 05:33:00,1,1,6,1.0,4.0
27,"-6.89768,-79.85347",-6.89768,-79.85347,Incendio en el tercer piso,3,P,2025-06-01,0 days 01:15:00,1,1,9,2.0,2.0
28,"-6.874039,-79.830766",-6.874039,-79.830766,Ruido incomodo,C,2,2025-06-01,0 days 23:37:57,1,1,8,,1.0
29,"-6.911879,-79.820898",-6.911879,-79.820898,Ruido incomodo,A,2,2025-06-01,0 days 11:59:35,1,1,8,3.0,1.0
30,"-6.928489,-79.842882",-6.928489,-79.842882,Incendio en el tercer piso,A,A,2025-06-01,0 days 01:40:37,1,4,12,,
31,"-6.882434,-79.848476",-6.882434,-79.848476,Ruido incomodo,B,1,2025-06-01,0 days 12:26:28,1,1,3,,
32,"-6.866837,-79.840623",-6.866837,-79.840623,Poste caído en la vía pública,B,2,2025-06-01,0 days 07:26:24,1,3,10,1.0,5.0
33,"-6.921041,-79.820287",-6.921041,-79.820287,Ocurrio un accidente,B,2,2025-06-01,0 days 10:59:18,1,4,4,5.0,1.0
34,"-6.872412,-79.869099",-6.872412,-79.869099,Robo en proceso,3,2,2025-06-01,0 days 01:30:31,1,4,1,1.0,4.0
35,"-6.856196,-79.822092",-6.856196,-79.822092,Poste caído en la vía pública,C,2,2025-06-01,0 days 14:34:22,1,3,2,,2.0
36,"-6.852888,-79.85755",-6.852888,-79.85755,Ruido incomodo,B,P,2025-06-01,0 days 17:08:38,1,3,11,2.0,5.0
37,"-6.861515,-79.833399",-6.861515,-79.833399,Problema con agua,3,1,2025-06-01,0 days 20:19:49,1,2,6,1.0,2.0
38,"-6.877721,-79.823773",-6.877721,-79.823773,Problema con agua,B,1,2025-06-01,0 days 08:46:31,1,4,7,4.0,2.0
39,"-6.904477,-79.869825",-6.904477,-79.869825,Problema con agua,3,2,2025-06-01,0 days 23:30:40,1,2,6,3.0,1.0
40,"-6.918344,-79.865478",-6.918344,-79.865478,Robo en proceso,C,2,2025-06-01,0 days 20:20:57,1,1,4,,2.0
41,"-6.885375,-79.843071",-6.885375,-79.843071,Denuncia por invasión,C,P,2025-06-01,0 days 07:17:00,1,4,7,,3.0
42,"-6.909014,-79.831896",-6.909014,-79.831896,Problema con agua,3,3,2025-06-01,0 days 10:26:11,1,4,4,4.0,4.0
43,"-6.919327,-79.846439",-6.919327,-79.846439,Incendio en el tercer piso,A,3,2025-06-01,0 days 03:43:55,1,3,1,4.0,
44,"-6.857923,-79.857886",-6.857923,-79.857886,Ocurrio un accidente,3,2,2025-06-01,0 days 08:12:00,1,1,2,5.0,1.0
45,"-6.867638,-79.82102",-6.867638,-79.82102,Poste caído en la vía pública,A,P,2025-06-01,0 days 17:56:35,1,3,2,,1.0
46,"-6.90508,-79.83194",-6.90508,-79.83194,Problema con agua,3,A,2025-06-01,0 days 08:26:09,1,4,1,1.0,3.0
47,"-6.928798,-79.851803",-6.928798,-79.851803,Denuncia por invasión,A,P,2025-06-01,0 days 06:14:01,1,1,3,3.0,1.0
48,"-6.917179,-79.869725",-6.917179,-79.869725,Problema con agua,B,2,2025-06-01,0 days 18:46:02,1,4,5,,2.0
49,"-6.887755,-79.854418",-6.887755,-79.854418,Poste caído en la vía pública,A,A,2025-06-01,0 days 17:17:46,1,1,9,1.0,1.0
50,"-6.908972,-79.835715",-6.908972,-79.835715,Denuncia por invasión,C,P,2025-06-01,0 days 09:03:02,1,4,1,5.0,
51,"-6.89214,-79.838192",-6.89214,-79.838192,Ruido incomodo,C,2,2025-06-02,0 days 00:38:31,1,4,1,,3.0
52,"-6.908339,-79.863285",-6.908339,-79.863285,Denuncia por invasión,3,2,2025-06-02,0 days 17:43:05,1,2,2,4.0,4.0
53,"-6.924754,-79.860654",-6.924754,-79.860654,Ruido incomodo,B,1,2025-06-02,0 days 02:21:55,1,1,11,5.0,3.0
54,"-6.928483,-79.86568",-6.928483,-79.86568,Poste caído en la vía pública,A,P,2025-06-02,0 days 21:43:46,1,3,4,3.0,2.0
55,"-6.901692,-79.827556",-6.901692,-79.827556,Poste caído en la vía pública,C,2,2025-06-02,0 days 17:39:06,1,1,6,2.0,5.0
56,"-6.883444,-79.83324",-6.883444,-79.83324,Ocurrio un accidente,B,A,2025-06-02,0 days 12:18:20,1,4,11,2.0,1.0
57,"-6.883217,-79.81422",-6.883217,-79.81422,Problema con agua,3,1,2025-06-02,0 days 16:33:03,1,3,1,1.0,4.0
58,"-6.862267,-79.834186",-6.862267,-79.834186,Ocurrio un accidente,B,1,2025-06-02,0 days 00:13:46,1,4,8,2.0,1.0
59,"-6.870236,-79.851125",-6.870236,-79.851125,Incendio en el tercer piso,B,3,2025-06-02,0 days 13:19:08,1,4,2,3.0,5.0
60,"-6.887458,-79.853108",-6.887458,-79.853108,Ruido incomodo,C,P,2025-06-02,0 days 03:58:04,1,2,7,3.0,3.0
61,"-6.909851,-79.819657",-6.909851,-79.819657,Poste caído en la vía pública,B,A,2025-06-02,0 days 06:32:20,1,2,2,1.0,1.0
62,"-6.927055,-79.864246",-6.927055,-79.864246,Robo en proceso,C,A,2025-06-02,0 days 19:50:04,1,2,8,3.0,4.0
63,"-6.862236,-79.844067",-6.862236,-79.844067,Incendio en el tercer piso,C,A,2025-06-02,0 days 05:13:40,1,1,1,5.0,5.0
64,"-6.850872,-79.864839",-6.850872,-79.864839,Robo en proceso,B,P,2025-06-02,0 days 05:37:21,1,1,3,,5.0
65,"-6.929189,-79.815463",-6.929189,-79.815463,Incendio en el tercer piso,B,A,2025-06-02,0 days 05:18:11,1,1,1,3.0,4.0
66,"-6.923976,-79.826869",-6.923976,-79.826869,Denuncia por invasión,A,1,2025-06-02,0 days 14:26:41,1,1,6,4.0,3.0
67,"-6.928393,-79.834402",-6.928393,-79.834402,Denuncia por invasión,A,3,2025-06-02,0 days 17:06:14,1,2,10,2.0,2.0
68,"-6.927503,-79.825259",-6.927503,-79.825259,Incendio en el tercer piso,A,1,2025-06-02,0 days 03:48:34,1,4,8,,3.0
69,"-6.915544,-79.829428",-6.915544,-79.829428,Denuncia por invasión,3,P,2025-06-02,0 days 00:34:31,1,2,9,4.0,2.0
70,"-6.876485,-79.817944",-6.876485,-79.817944,Problema con agua,3,2,2025-06-02,0 days 01:44:47,1,2,9,4.0,5.0
71,"-6.887457,-79.852174",-6.887457,-79.852174,Denuncia por invasión,A,2,2025-06-02,0 days 23:05:38,1,4,12,,
72,"-6.864617,-79.864925",-6.864617,-79.864925,Denuncia por invasión,A,A,2025-06-02,0 days 09:25:13,1,3,1,1.0,3.0
73,"-6.862686,-79.832088",-6.862686,-79.832088,Ocurrio un accidente,A,3,2025-06-02,0 days 22:40:31,1,2,3,4.0,1.0
74,"-6.919434,-79.865724",-6.919434,-79.865724,Problema con agua,3,1,2025-06-02,0 days 19:00:59,1,1,7,,1.0
75,"-6.916563,-79.855472",-6.916563,-79.855472,Problema con agua,A,2,2025-06-02,0 days 11:55:06,1,3,7,2.0,2.0
76,"-6.85036,-79.834377",-6.85036,-79.834377,Ruido incomodo,3,2,2025-06-02,0 days 00:17:33,1,3,7,,5.0
77,"-6.881372,-79.821173",-6.881372,-79.821173,Ruido incomodo,3,1,2025-06-02,0 days 00:18:06,1,3,4,4.0,5.0
78,"-6.856746,-79.821284",-6.856746,-79.821284,Ocurrio un accidente,C,P,2025-06-02,0 days 02:45:53,1,1,8,5.0,2.0
79,"-6.915642,-79.81302",-6.915642,-79.81302,Poste caído en la vía pública,3,P,2025-06-02,0 days 18:59:46,1,3,11,4.0,3.0
80,"-6.915948,-79.846447",-6.915948,-79.846447,Denuncia por invasión,B,1,2025-06-02,0 days 08:18:58,1,1,9,2.0,4.0
81,"-6.916469,-79.814821",-6.916469,-79.814821,Denuncia por invasión,C,1,2025-06-02,0 days 11:10:51,1,1,12,,1.0
82,"-6.853945,-79.830347",-6.853945,-79.830347,Ocurrio un accidente,3,3,2025-06-02,0 days 13:05:05,1,3,1,1.0,2.0
83,"-6.862708,-79.828175",-6.862708,-79.828175,Poste caído en la vía pública,C,3,2025-06-02,0 days 22:11:25,1,4,4,1.0,4.0
84,"-6.87914,-79.860109",-6.87914,-79.860109,Incendio en el tercer piso,3,P,2025-06-02,0 days 23:06:12,1,3,5,3.0,
85,"-6.853686,-79.812624",-6.853686,-79.812624,Problema con agua,C,1,2025-06-02,0 days 20:31:47,1,4,3,4.0,2.0
86,"-6.865748,-79.834146",-6.865748,-79.834146,Ocurrio un accidente,C,A,2025-06-02,0 days 16:37:39,1,2,11,3.0,1.0
87,"-6.87225,-79.859694",-6.87225,-79.859694,Problema con agua,B,A,2025-06-02,0 days 19:07:06,1,4,4,2.0,4.0
88,"-6.885861,-79.859342",-6.885861,-79.859342,Robo en proceso,B,2,2025-06-02,0 days 00:34:38,1,4,2,4.0,
89,"-6.889889,-79.845913",-6.889889,-79.845913,Denuncia por invasión,A,A,2025-06-02,0 days 02:05:04,1,1,10,4.0,4.0
90,"-6.871708,-79.819968",-6.871708,-79.819968,Problema con agua,A,P,2025-06-02,0 days 00:35:14,1,3,4,2.0,3.0
91,"-6.904644,-79.847353",-6.904644,-79.847353,Denuncia por invasión,A,3,2025-06-02,0 days 15:58:03,1,3,2,3.0,4.0
92,"-6.877814,-79.844898",-6.877814,-79.844898,Ruido incomodo,3,A,2025-06-02,0 days 08:56:32,1,2,8,1.0,
93,"-6.90966,-79.835404",-6.90966,-79.835404,Incendio en el tercer piso,C,A,2025-06-02,0 days 11:34:04,1,2,11,5.0,5.0
94,"-6.886941,-79.856218",-6.886941,-79.856218,Problema con agua,3,A,2025-06-02,0 days 11:08:40,1,2,12,4.0,
95,"-6.923183,-79.839891",-6.923183,-79.839891,Ocurrio un accidente,A,P,2025-06-02,0 days 09:50:29,1,2,10,,3.0
96,"-6.901312,-79.863589",-6.901312,-79.863589,Incendio en el tercer piso,C,3,2025-06-02,0 days 00:22:56,1,2,12,3.0,1.0
97,"-6.859976,-79.845593",-6.859976,-79.845593,Robo en proceso,3,1,2025-06-02,0 days 12:13:06,1,3,3,2.0,3.0
98,"-6.909024,-79.862251",-6.909024,-79.862251,Ocurrio un accidente,3,A,2025-06-02,0 days 06:02:26,1,1,3,2.0,2.0
99,"-6.864489,-79.830102",-6.864489,-79.830102,Denuncia por invasión,3,2,2025-06-02,0 days 12:44:33,1,2,8,3.0,4.0
100,"-6.914333,-79.845454",-6.914333,-79.845454,Robo en proceso,C,2,2025-06-02,0 days 00:06:14,1,1,8,4.0,4.0
101,"-6.857141,-79.846722",-6.857141,-79.846722,Incendio en el tercer piso,C,2,2025-06-03,0 days 16:21:03,1,4,6,3.0,5.0
102,"-6.860289,-79.86328",-6.860289,-79.86328,Denuncia por invasión,B,A,2025-06-03,0 days 18:26:35,1,4,10,5.0,4.0
103,"-6.860367,-79.836477",-6.860367,-79.836477,Robo en proceso,A,1,2025-06-03,0 days 04:21:58,1,4,12,1.0,3.0
104,"-6.885989,-79.845983",-6.885989,-79.845983,Problema con agua,3,2,2025-06-03,0 days 06:15:33,1,2,8,1.0,3.0
105,"-6.890471,-79.835102",-6.890471,-79.835102,Poste caído en la vía pública,C,A,2025-06-03,0 days 12:04:35,1,2,4,1.0,
106,"-6.851156,-79.864266",-6.851156,-79.864266,Poste caído en la vía pública,C,3,2025-06-03,0 days 21:38:38,1,4,9,4.0,3.0
107,"-6.899152,-79.838975",-6.899152,-79.838975,Ocurrio un accidente,B,P,2025-06-03,0 days 12:03:37,1,2,1,2.0,1.0
108,"-6.876301,-79.838152",-6.876301,-79.838152,Incendio en el tercer piso,A,A,2025-06-03,0 days 09:35:44,1,2,12,5.0,
109,"-6.894116,-79.832097",-6.894116,-79.832097,Ruido incomodo,C,P,2025-06-03,0 days 07:40:46,1,2,1,1.0,5.0
110,"-6.869435,-79.850053",-6.869435,-79.850053,Poste caído en la vía pública,B,3,2025-06-03,0 days 10:33:56,1,3,8,2.0,1.0
111,"-6.897251,-79.815506",-6.897251,-79.815506,Poste caído en la vía pública,A,A,2025-06-03,0 days 02:38:20,1,2,11,2.0,2.0
112,"-6.9238,-79.861504",-6.9238,-79.861504,Incendio en el tercer piso,C,P,2025-06-03,0 days 15:51:35,1,1,1,3.0,3.0
113,"-6.917261,-79.833683",-6.917261,-79.833683,Ruido incomodo,3,1,2025-06-03,0 days 08:44:53,1,1,2,1.0,1.0
114,"-6.866276,-79.843387",-6.866276,-79.843387,Poste caído en la vía pública,3,2,2025-06-03,0 days 23:14:16,1,2,12,2.0,
115,"-6.852705,-79.833941",-6.852705,-79.833941,Incendio en el tercer piso,B,2,2025-06-03,0 days 02:16:22,1,2,12,5.0,3.0
116,"-6.878972,-79.867408",-6.878972,-79.867408,Incendio en el tercer piso,C,2,2025-06-03,0 days 15:46:33,1,3,1,,3.0
117,"-6.902189,-79.852016",-6.902189,-79.852016,Denuncia por invasión,3,3,2025-06-03,0 days 18:42:11,1,4,2,,2.0
118,"-6.929667,-79.853958",-6.929667,-79.853958,Robo en proceso,A,3,2025-06-03,0 days 06:46:07,1,4,12,1.0,3.0
119,"-6.899337,-79.862859",-6.899337,-79.862859,Problema con agua,C,A,2025-06-03,0 days 16:47:33,1,2,4,,
120,"-6.857481,-79.838441",-6.857481,-79.838441,Poste caído en la vía pública,C,A,2025-06-03,0 days 18:43:17,1,1,12,1.0,5.0
121,"-6.875792,-79.848611",-6.875792,-79.848611,Ruido incomodo,C,2,2025-06-03,0 days 01:10:03,1,3,7,3.0,
122,"-6.886944,-79.850764",-6.886944,-79.850764,Poste caído en la vía pública,A,3,2025-06-03,0 days 12:56:10,1,4,5,1.0,
123,"-6.880499,-79.824998",-6.880499,-79.824998,Denuncia por invasión,C,P,2025-06-03,0 days 16:13:06,1,3,11,1.0,
124,"-6.901256,-79.856252",-6.901256,-79.856252,Denuncia por invasión,3,1,2025-06-03,0 days 10:46:57,1,1,12,2.0,4.0
125,"-6.923602,-79.844469",-6.923602,-79.844469,Incendio en el tercer piso,C,A,2025-06-03,0 days 10:56:17,1,3,8,5.0,5.0
126,"-6.910667,-79.863499",-6.910667,-79.863499,Incendio en el tercer piso,3,A,2025-06-03,0 days 10:43:47,1,2,8,,1.0
127,"-6.897951,-79.84973",-6.897951,-79.84973,Robo en proceso,A,2,2025-06-03,0 days 02:05:11,1,1,11,4.0,
128,"-6.853662,-79.854664",-6.853662,-79.854664,Poste caído en la vía pública,C,P,2025-06-03,0 days 20:55:19,1,3,7,4.0,4.0
129,"-6.904118,-79.841333",-6.904118,-79.841333,Denuncia por invasión,C,P,2025-06-03,0 days 08:25:44,1,2,2,,5.0
130,"-6.908639,-79.82304",-6.908639,-79.82304,Problema con agua,B,P,2025-06-03,0 days 05:33:14,1,4,6,4.0,4.0
131,"-6.892599,-79.845906",-6.892599,-79.845906,Poste caído en la vía pública,B,3,2025-06-03,0 days 22:12:20,1,4,5,2.0,5.0
132,"-6.89434,-79.834865",-6.89434,-79.834865,Ruido incomodo,3,2,2025-06-03,0 days 06:14:54,1,1,4,4.0,2.0
133,"-6.884407,-79.82581",-6.884407,-79.82581,Incendio en el tercer piso,3,2,2025-06-03,0 days 08:28:32,1,3,5,5.0,3.0
134,"-6.90466,-79.833131",-6.90466,-79.833131,Ruido incomodo,C,A,2025-06-03,0 days 23:20:32,1,1,10,5.0,4.0
135,"-6.854976,-79.823328",-6.854976,-79.823328,Denuncia por invasión,B,2,2025-06-03,0 days 02:19:35,1,3,3,1.0,4.0
136,"-6.893283,-79.867557",-6.893283,-79.867557,Problema con agua,B,A,2025-06-03,0 days 23:53:47,1,1,12,3.0,5.0
137,"-6.872759,-79.827186",-6.872759,-79.827186,Problema con agua,3,A,2025-06-03,0 days 13:06:32,1,2,7,2.0,5.0
138,"-6.874733,-79.863881",-6.874733,-79.863881,Incendio en el tercer piso,B,3,2025-06-03,0 days 09:29:15,1,4,2,5.0,4.0
139,"-6.918894,-79.827031",-6.918894,-79.827031,Robo en proceso,C,A,2025-06-03,0 days 20:10:48,1,4,7,1.0,5.0
140,"-6.888879,-79.820847",-6.888879,-79.820847,Denuncia por invasión,A,2,2025-06-03,0 days 03:46:27,1,4,3,3.0,
141,"-6.892733,-79.859485",-6.892733,-79.859485,Ocurrio un accidente,A,A,2025-06-03,0 days 10:51:10,1,4,10,1.0,1.0
142,"-6.92201,-79.865129",-6.92201,-79.865129,Robo en proceso,3,2,2025-06-03,0 days 02:43:17,1,3,7,4.0,5.0
143,"-6.895626,-79.812099",-6.895626,-79.812099,Ocurrio un accidente,C,2,2025-06-03,0 days 22:17:59,1,1,6,5.0,2.0
144,"-6.878554,-79.861092",-6.878554,-79.861092,Incendio en el tercer piso,3,1,2025-06-03,0 days 06:07:33,1,4,3,3.0,5.0
145,"-6.877461,-79.830941",-6.877461,-79.830941,Poste caído en la vía pública,B,P,2025-06-03,0 days 02:20:28,1,1,4,,4.0
146,"-6.879803,-79.854478",-6.879803,-79.854478,Incendio en el tercer piso,A,P,2025-06-03,0 days 22:54:05,1,1,10,5.0,4.0
147,"-6.855551,-79.847135",-6.855551,-79.847135,Robo en proceso,3,P,2025-06-03,0 days 20:54:12,1,3,2,4.0,5.0
148,"-6.899685,-79.865693",-6.899685,-79.865693,Problema con agua,C,3,2025-06-03,0 days 10:26:20,1,1,6,,2.0
149,"-6.895716,-79.857075",-6.895716,-79.857075,Robo en proceso,A,P,2025-06-03,0 days 04:30:16,1,2,1,2.0,4.0
150,"-6.884259,-79.842452",-6.884259,-79.842452,Poste caído en la vía pública,A,1,2025-06-03,0 days 06:42:20,1,3,3,1.0,
151,"-6.901767,-79.816038",-6.901767,-79.816038,Denuncia por invasión,C,3,2025-06-04,0 days 10:22:15,1,3,5,2.0,1.0
152,"-6.882523,-79.856207",-6.882523,-79.856207,Robo en proceso,B,P,2025-06-04,0 days 23:23:08,1,3,5,2.0,3.0
153,"-6.888228,-79.811801",-6.888228,-79.811801,Problema con agua,3,P,2025-06-04,0 days 09:35:35,1,2,8,1.0,5.0
154,"-6.885174,-79.869289",-6.885174,-79.869289,Ruido incomodo,B,1,2025-06-04,0 days 21:27:40,1,4,10,3.0,2.0
155,"-6.861902,-79.850267",-6.861902,-79.850267,Incendio en el tercer piso,C,1,2025-06-04,0 days 10:40:01,1,1,3,3.0,2.0
156,"-6.878247,-79.823307",-6.878247,-79.823307,Ruido incomodo,3,1,2025-06-04,0 days 09:17:06,1,4,2,2.0,
157,"-6.90383,-79.823672",-6.90383,-79.823672,Problema con agua,B,3,2025-06-04,0 days 23:21:34,1,3,7,2.0,
158,"-6.897029,-79.828099",-6.897029,-79.828099,Ocurrio un accidente,B,A,2025-06-04,0 days 08:58:48,1,4,6,3.0,
159,"-6.870838,-79.821329",-6.870838,-79.821329,Ocurrio un accidente,3,P,2025-06-04,0 days 21:34:32,1,1,11,4.0,3.0
160,"-6.87732,-79.861358",-6.87732,-79.861358,Ocurrio un accidente,3,3,2025-06-04,0 days 21:40:42,1,2,11,2.0,5.0
161,"-6.873745,-79.811348",-6.873745,-79.811348,Incendio en el tercer piso,A,1,2025-06-04,0 days 20:38:13,1,3,9,4.0,1.0
162,"-6.903382,-79.86229",-6.903382,-79.86229,Ruido incomodo,B,2,2025-06-04,0 days 15:15:39,1,3,7,3.0,2.0
163,"-6.866539,-79.853546",-6.866539,-79.853546,Ocurrio un accidente,B,1,2025-06-04,0 days 16:29:16,1,1,12,4.0,4.0
164,"-6.878022,-79.86021",-6.878022,-79.86021,Problema con agua,B,P,2025-06-04,0 days 00:01:31,1,4,3,1.0,1.0
165,"-6.872375,-79.823161",-6.872375,-79.823161,Poste caído en la vía pública,B,3,2025-06-04,0 days 12:30:21,1,4,11,3.0,
166,"-6.883595,-79.840909",-6.883595,-79.840909,Denuncia por invasión,C,P,2025-06-04,0 days 09:16:05,1,4,6,2.0,4.0
167,"-6.873784,-79.831004",-6.873784,-79.831004,Denuncia por invasión,C,P,2025-06-04,0 days 19:02:22,1,3,2,5.0,1.0
168,"-6.89125,-79.842885",-6.89125,-79.842885,Ocurrio un accidente,C,A,2025-06-04,0 days 00:55:57,1,2,11,2.0,3.0
169,"-6.872129,-79.860911",-6.872129,-79.860911,Denuncia por invasión,3,1,2025-06-04,0 days 08:29:58,1,3,3,3.0,5.0
170,"-6.910789,-79.858592",-6.910789,-79.858592,Ocurrio un accidente,B,1,2025-06-04,0 days 11:13:50,1,4,12,4.0,1.0
171,"-6.886088,-79.864763",-6.886088,-79.864763,Ocurrio un accidente,C,P,2025-06-04,0 days 07:28:45,1,4,11,5.0,3.0
172,"-6.861215,-79.813256",-6.861215,-79.813256,Ruido incomodo,B,2,2025-06-04,0 days 08:12:43,1,3,9,2.0,2.0
173,"-6.899955,-79.820649",-6.899955,-79.820649,Denuncia por invasión,A,3,2025-06-04,0 days 13:52:47,1,4,11,1.0,
174,"-6.886386,-79.830662",-6.886386,-79.830662,Ocurrio un accidente,C,A,2025-06-04,0 days 08:48:00,1,1,11,4.0,4.0
175,"-6.926494,-79.814588",-6.926494,-79.814588,Problema con agua,C,2,2025-06-04,0 days 00:04:13,1,2,2,1.0,5.0
176,"-6.883708,-79.842686",-6.883708,-79.842686,Robo en proceso,B,P,2025-06-04,0 days 05:44:57,1,3,2,4.0,
177,"-6.871755,-79.830318",-6.871755,-79.830318,Ruido incomodo,A,1,2025-06-04,0 days 19:00:04,1,1,7,4.0,4.0
178,"-6.862461,-79.837994",-6.862461,-79.837994,Denuncia por invasión,B,3,2025-06-04,0 days 07:20:11,1,1,9,,
179,"-6.880148,-79.820423",-6.880148,-79.820423,Robo en proceso,3,A,2025-06-04,0 days 21:37:53,1,4,6,,2.0
180,"-6.899372,-79.852971",-6.899372,-79.852971,Poste caído en la vía pública,3,3,2025-06-04,0 days 12:41:42,1,3,12,2.0,4.0
181,"-6.911236,-79.816935",-6.911236,-79.816935,Denuncia por invasión,C,2,2025-06-04,0 days 06:26:29,1,2,4,,2.0
182,"-6.897835,-79.838755",-6.897835,-79.838755,Ocurrio un accidente,C,P,2025-06-04,0 days 10:14:15,1,2,4,2.0,1.0
183,"-6.899526,-79.860152",-6.899526,-79.860152,Denuncia por invasión,3,3,2025-06-04,0 days 21:35:25,1,3,3,,4.0
184,"-6.894935,-79.869526",-6.894935,-79.869526,Ruido incomodo,A,1,2025-06-04,0 days 05:42:53,1,4,2,2.0,3.0
185,"-6.895835,-79.858214",-6.895835,-79.858214,Denuncia por invasión,B,3,2025-06-04,0 days 10:48:29,1,2,2,5.0,2.0
186,"-6.885585,-79.833078",-6.885585,-79.833078,Ruido incomodo,B,2,2025-06-04,0 days 19:45:34,1,3,4,,3.0
187,"-6.92067,-79.84525",-6.92067,-79.84525,Incendio en el tercer piso,C,A,2025-06-04,0 days 07:45:26,1,4,10,4.0,3.0
188,"-6.876279,-79.822619",-6.876279,-79.822619,Problema con agua,A,1,2025-06-04,0 days 00:03:00,1,1,9,3.0,5.0
189,"-6.899562,-79.81038",-6.899562,-79.81038,Incendio en el tercer piso,B,1,2025-06-04,0 days 20:55:37,1,3,10,4.0,
190,"-6.899285,-79.845739",-6.899285,-79.845739,Poste caído en la vía pública,B,3,2025-06-04,0 days 16:55:06,1,2,7,,4.0
191,"-6.887406,-79.828421",-6.887406,-79.828421,Ocurrio un accidente,3,3,2025-06-04,0 days 05:38:03,1,4,10,3.0,
192,"-6.856701,-79.860216",-6.856701,-79.860216,Incendio en el tercer piso,3,P,2025-06-04,0 days 03:32:59,1,1,10,3.0,3.0
193,"-6.883458,-79.858104",-6.883458,-79.858104,Poste caído en la vía pública,B,A,2025-06-04,0 days 01:15:15,1,4,5,1.0,1.0
194,"-6.898496,-79.84443",-6.898496,-79.84443,Incendio en el tercer piso,B,A,2025-06-04,0 days 17:17:46,1,1,9,,5.0
195,"-6.924318,-79.813302",-6.924318,-79.813302,Problema con agua,A,A,2025-06-04,0 days 06:11:37,1,3,4,3.0,5.0
196,"-6.863766,-79.865509",-6.863766,-79.865509,Denuncia por invasión,C,3,2025-06-04,0 days 18:56:49,1,4,12,,4.0
197,"-6.913474,-79.85124",-6.913474,-79.85124,Incendio en el tercer piso,C,P,2025-06-04,0 days 06:31:32,1,4,10,,4.0
198,"-6.850806,-79.813834",-6.850806,-79.813834,Incendio en el tercer piso,B,2,2025-06-04,0 days 07:38:42,1,4,5,,2.0
199,"-6.907269,-79.852591",-6.907269,-79.852591,Denuncia por invasión,B,3,2025-06-04,0 days 09:22:20,1,1,4,5.0,5.0
200,"-6.896089,-79.860428",-6.896089,-79.860428,Incendio en el tercer piso,3,3,2025-06-04,0 days 10:55:11,1,3,4,5.0,
201,"-6.892402,-79.847245",-6.892402,-79.847245,Incendio en el tercer piso,A,P,2025-06-05,0 days 02:22:34,1,2,1,5.0,3.0
202,"-6.880251,-79.860453",-6.880251,-79.860453,Ocurrio un accidente,A,P,2025-06-05,0 days 00:37:18,1,1,12,3.0,
203,"-6.859854,-79.832607",-6.859854,-79.832607,Robo en proceso,A,2,2025-06-05,0 days 14:16:47,1,2,7,1.0,2.0
204,"-6.909255,-79.865734",-6.909255,-79.865734,Robo en proceso,B,1,2025-06-05,0 days 17:12:23,1,3,7,1.0,
205,"-6.878581,-79.822786",-6.878581,-79.822786,Incendio en el tercer piso,3,1,2025-06-05,0 days 13:15:59,1,2,3,,1.0
206,"-6.850091,-79.854064",-6.850091,-79.854064,Incendio en el tercer piso,C,A,2025-06-05,0 days 12:34:37,1,1,9,3.0,5.0
207,"-6.910065,-79.850026",-6.910065,-79.850026,Denuncia por invasión,C,A,2025-06-05,0 days 23:12:26,1,4,9,3.0,3.0
208,"-6.862904,-79.823526",-6.862904,-79.823526,Ruido incomodo,B,1,2025-06-05,0 days 21:49:02,1,1,7,1.0,
209,"-6.928242,-79.825662",-6.928242,-79.825662,Poste caído en la vía pública,C,3,2025-06-05,0 days 11:14:00,1,2,4,2.0,4.0
210,"-6.910137,-79.84588",-6.910137,-79.84588,Poste caído en la vía pública,3,A,2025-06-05,0 days 08:21:20,1,2,10,1.0,3.0
211,"-6.868193,-79.869779",-6.868193,-79.869779,Denuncia por invasión,3,2,2025-06-05,0 days 21:33:14,1,4,9,2.0,4.0
212,"-6.857101,-79.848058",-6.857101,-79.848058,Problema con agua,C,3,2025-06-05,0 days 08:13:34,1,4,4,1.0,2.0
213,"-6.871711,-79.838217",-6.871711,-79.838217,Problema con agua,B,2,2025-06-05,0 days 17:15:21,1,3,10,5.0,1.0
214,"-6.901075,-79.83201",-6.901075,-79.83201,Ruido incomodo,3,2,2025-06-05,0 days 09:11:31,1,1,9,4.0,
215,"-6.861303,-79.813189",-6.861303,-79.813189,Incendio en el tercer piso,C,2,2025-06-05,0 days 19:05:40,1,2,7,,
216,"-6.874166,-79.820883",-6.874166,-79.820883,Poste caído en la vía pública,C,P,2025-06-05,0 days 05:02:24,1,1,5,1.0,1.0
217,"-6.875259,-79.835649",-6.875259,-79.835649,Incendio en el tercer piso,B,2,2025-06-05,0 days 00:09:51,1,2,9,3.0,5.0
218,"-6.92282,-79.842985",-6.92282,-79.842985,Ocurrio un accidente,3,1,2025-06-05,0 days 15:05:30,1,4,10,2.0,3.0
219,"-6.894526,-79.853813",-6.894526,-79.853813,Ruido incomodo,B,P,2025-06-05,0 days 12:36:03,1,3,1,1.0,5.0
220,"-6.924226,-79.819795",-6.924226,-79.819795,Ruido incomodo,B,3,2025-06-05,0 days 05:44:22,1,4,9,1.0,4.0
221,"-6.900351,-79.810023",-6.900351,-79.810023,Poste caído en la vía pública,A,3,2025-06-05,0 days 01:18:02,1,4,10,5.0,5.0
222,"-6.889261,-79.857657",-6.889261,-79.857657,Denuncia por invasión,B,3,2025-06-05,0 days 22:09:48,1,1,9,3.0,
223,"-6.886882,-79.822857",-6.886882,-79.822857,Problema con agua,3,P,2025-06-05,0 days 14:02:16,1,1,8,2.0,5.0
224,"-6.879735,-79.830622",-6.879735,-79.830622,Problema con agua,B,1,2025-06-05,0 days 05:11:28,1,2,11,2.0,2.0
225,"-6.90171,-79.825167",-6.90171,-79.825167,Poste caído en la vía pública,3,2,2025-06-05,0 days 23:05:49,1,2,12,4.0,3.0
226,"-6.882447,-79.834255",-6.882447,-79.834255,Ruido incomodo,3,3,2025-06-05,0 days 05:25:18,1,3,11,1.0,1.0
227,"-6.891826,-79.83686",-6.891826,-79.83686,Robo en proceso,3,3,2025-06-05,0 days 22:19:25,1,3,5,,3.0
228,"-6.907849,-79.843494",-6.907849,-79.843494,Incendio en el tercer piso,A,P,2025-06-05,0 days 15:49:49,1,2,3,3.0,5.0
229,"-6.92837,-79.854064",-6.92837,-79.854064,Problema con agua,B,1,2025-06-05,0 days 08:05:45,1,1,3,3.0,3.0
230,"-6.908719,-79.814884",-6.908719,-79.814884,Ruido incomodo,B,1,2025-06-05,0 days 20:18:29,1,3,5,3.0,3.0
231,"-6.918721,-79.829658",-6.918721,-79.829658,Problema con agua,B,1,2025-06-05,0 days 17:34:44,1,1,5,3.0,1.0
232,"-6.854824,-79.847452",-6.854824,-79.847452,Ocurrio un accidente,A,2,2025-06-05,0 days 18:54:52,1,1,11,,2.0
233,"-6.876894,-79.866812",-6.876894,-79.866812,Ocurrio un accidente,A,A,2025-06-05,0 days 00:01:16,1,2,10,5.0,2.0
234,"-6.855745,-79.84234",-6.855745,-79.84234,Robo en proceso,C,2,2025-06-05,0 days 21:32:51,1,3,5,5.0,5.0
235,"-6.882131,-79.83155",-6.882131,-79.83155,Poste caído en la vía pública,3,1,2025-06-05,0 days 06:32:06,1,1,6,2.0,4.0
236,"-6.853769,-79.849776",-6.853769,-79.849776,Ruido incomodo,A,P,2025-06-05,0 days 22:41:23,1,2,12,3.0,
237,"-6.866865,-79.86752",-6.866865,-79.86752,Ocurrio un accidente,A,3,2025-06-05,0 days 06:36:44,1,2,6,2.0,5.0
238,"-6.884426,-79.849159",-6.884426,-79.849159,Ruido incomodo,A,3,2025-06-05,0 days 21:16:45,1,1,6,1.0,1.0
239,"-6.87393,-79.814606",-6.87393,-79.814606,Denuncia por invasión,3,A,2025-06-05,0 days 22:31:04,1,3,4,,4.0
240,"-6.904567,-79.820381",-6.904567,-79.820381,Ruido incomodo,B,2,2025-06-05,0 days 08:47:50,1,3,3,1.0,1.0
241,"-6.89209,-79.810522",-6.89209,-79.810522,Ruido incomodo,C,A,2025-06-05,0 days 16:01:26,1,3,2,5.0,2.0
242,"-6.915442,-79.860976",-6.915442,-79.860976,Ruido incomodo,C,1,2025-06-05,0 days 12:19:38,1,2,1,2.0,
243,"-6.894839,-79.830835",-6.894839,-79.830835,Denuncia por invasión,B,1,2025-06-05,0 days 22:04:54,1,3,3,5.0,5.0
244,"-6.926225,-79.845913",-6.926225,-79.845913,Denuncia por invasión,B,A,2025-06-05,0 days 17:31:03,1,1,9,3.0,3.0
245,"-6.901344,-79.834423",-6.901344,-79.834423,Ocurrio un accidente,3,P,2025-06-05,0 days 20:14:50,1,3,8,5.0,3.0
246,"-6.880735,-79.83132",-6.880735,-79.83132,Ruido incomodo,A,A,2025-06-05,0 days 22:44:28,1,3,4,5.0,
247,"-6.923961,-79.835161",-6.923961,-79.835161,Ruido incomodo,3,2,2025-06-05,0 days 15:01:37,1,4,1,5.0,3.0
248,"-6.893514,-79.824758",-6.893514,-79.824758,Ruido incomodo,C,P,2025-06-05,0 days 00:23:47,1,3,12,5.0,
249,"-6.924689,-79.840461",-6.924689,-79.840461,Robo en proceso,A,A,2025-06-05,0 days 07:16:37,1,2,3,5.0,
250,"-6.874592,-79.814116",-6.874592,-79.814116,Poste caído en la vía pública,3,A,2025-06-05,0 days 19:56:11,1,2,4,4.0,3.0
251,"-6.878839,-79.851975",-6.878839,-79.851975,Problema con agua,A,3,2025-06-06,0 days 22:57:25,1,1,7,,
252,"-6.877888,-79.850834",-6.877888,-79.850834,Ocurrio un accidente,B,1,2025-06-06,0 days 16:03:17,1,3,7,2.0,4.0
253,"-6.884569,-79.822233",-6.884569,-79.822233,Ocurrio un accidente,C,P,2025-06-06,0 days 19:11:23,1,1,8,1.0,1.0
254,"-6.914206,-79.814268",-6.914206,-79.814268,Denuncia por invasión,A,3,2025-06-06,0 days 09:31:55,1,4,4,3.0,2.0
255,"-6.881027,-79.848118",-6.881027,-79.848118,Ruido incomodo,C,P,2025-06-06,0 days 07:09:38,1,2,11,2.0,2.0
256,"-6.924632,-79.869621",-6.924632,-79.869621,Robo en proceso,C,1,2025-06-06,0 days 04:12:30,1,1,11,1.0,3.0
257,"-6.912981,-79.850041",-6.912981,-79.850041,Ocurrio un accidente,C,1,2025-06-06,0 days 00:39:10,1,3,1,5.0,1.0
258,"-6.915091,-79.824073",-6.915091,-79.824073,Denuncia por invasión,B,A,2025-06-06,0 days 18:06:02,1,3,10,4.0,5.0
259,"-6.905539,-79.860375",-6.905539,-79.860375,Problema con agua,3,1,2025-06-06,0 days 15:24:30,1,2,2,5.0,5.0
260,"-6.911965,-79.866283",-6.911965,-79.866283,Poste caído en la vía pública,C,2,2025-06-06,0 days 09:00:12,1,2,7,3.0,5.0
261,"-6.924458,-79.819573",-6.924458,-79.819573,Robo en proceso,3,1,2025-06-06,0 days 14:25:30,1,3,11,3.0,
262,"-6.857382,-79.855994",-6.857382,-79.855994,Denuncia por invasión,3,2,2025-06-06,0 days 23:08:32,1,1,7,1.0,4.0
263,"-6.888131,-79.811454",-6.888131,-79.811454,Robo en proceso,C,P,2025-06-06,0 days 21:58:32,1,2,3,1.0,1.0
264,"-6.900657,-79.836253",-6.900657,-79.836253,Denuncia por invasión,C,2,2025-06-06,0 days 21:11:08,1,1,10,3.0,5.0
265,"-6.855763,-79.812815",-6.855763,-79.812815,Poste caído en la vía pública,C,3,2025-06-06,0 days 16:43:43,1,2,4,3.0,5.0
266,"-6.875943,-79.813396",-6.875943,-79.813396,Denuncia por invasión,C,P,2025-06-06,0 days 18:21:08,1,3,2,3.0,1.0
267,"-6.899011,-79.861791",-6.899011,-79.861791,Robo en proceso,3,A,2025-06-06,0 days 21:38:10,1,4,6,3.0,1.0
268,"-6.928319,-79.868612",-6.928319,-79.868612,Incendio en el tercer piso,C,2,2025-06-06,0 days 07:06:26,1,3,7,,2.0
269,"-6.85255,-79.827314",-6.85255,-79.827314,Denuncia por invasión,C,3,2025-06-06,0 days 15:13:44,1,2,11,1.0,
270,"-6.885188,-79.847018",-6.885188,-79.847018,Ruido incomodo,C,2,2025-06-06,0 days 22:36:36,1,3,3,2.0,1.0
271,"-6.912803,-79.859093",-6.912803,-79.859093,Ocurrio un accidente,C,A,2025-06-06,0 days 11:26:45,1,1,3,3.0,1.0
272,"-6.887119,-79.854046",-6.887119,-79.854046,Robo en proceso,A,P,2025-06-06,0 days 11:05:45,1,1,11,4.0,5.0
273,"-6.889238,-79.826605",-6.889238,-79.826605,Ocurrio un accidente,3,P,2025-06-06,0 days 11:53:26,1,2,6,,5.0
274,"-6.926163,-79.866657",-6.926163,-79.866657,Ruido incomodo,C,P,2025-06-06,0 days 04:46:50,1,4,9,,
275,"-6.907099,-79.84487",-6.907099,-79.84487,Ruido incomodo,3,1,2025-06-06,0 days 20:06:53,1,1,9,2.0,3.0
276,"-6.908733,-79.81491",-6.908733,-79.81491,Robo en proceso,A,P,2025-06-06,0 days 17:28:40,1,1,4,5.0,3.0
277,"-6.917962,-79.838513",-6.917962,-79.838513,Poste caído en la vía pública,B,3,2025-06-06,0 days 03:36:42,1,3,9,4.0,2.0
278,"-6.898861,-79.869678",-6.898861,-79.869678,Problema con agua,C,P,2025-06-06,0 days 09:33:45,1,2,2,1.0,1.0
279,"-6.868704,-79.843971",-6.868704,-79.843971,Poste caído en la vía pública,A,3,2025-06-06,0 days 13:23:17,1,1,4,1.0,
280,"-6.885665,-79.860516",-6.885665,-79.860516,Denuncia por invasión,B,A,2025-06-06,0 days 00:01:30,1,1,3,,
281,"-6.856152,-79.828589",-6.856152,-79.828589,Poste caído en la vía pública,3,3,2025-06-06,0 days 14:58:08,1,1,3,5.0,4.0
282,"-6.89929,-79.830973",-6.89929,-79.830973,Denuncia por invasión,B,A,2025-06-06,0 days 20:28:38,1,4,1,,2.0
283,"-6.8549,-79.813436",-6.8549,-79.813436,Ocurrio un accidente,3,1,2025-06-06,0 days 22:00:42,1,1,10,2.0,2.0
284,"-6.89454,-79.831429",-6.89454,-79.831429,Denuncia por invasión,B,1,2025-06-06,0 days 23:19:36,1,1,7,3.0,1.0
285,"-6.858969,-79.82897",-6.858969,-79.82897,Incendio en el tercer piso,A,3,2025-06-06,0 days 14:58:23,1,4,3,1.0,4.0
286,"-6.855662,-79.842265",-6.855662,-79.842265,Problema con agua,A,1,2025-06-06,0 days 20:02:10,1,1,10,4.0,
287,"-6.928132,-79.832201",-6.928132,-79.832201,Incendio en el tercer piso,3,1,2025-06-06,0 days 08:41:58,1,1,12,5.0,
288,"-6.866263,-79.835562",-6.866263,-79.835562,Ocurrio un accidente,B,3,2025-06-06,0 days 23:31:17,1,2,3,3.0,4.0
289,"-6.867958,-79.830862",-6.867958,-79.830862,Problema con agua,3,2,2025-06-06,0 days 14:45:51,1,4,11,5.0,2.0
290,"-6.919235,-79.824791",-6.919235,-79.824791,Problema con agua,A,A,2025-06-06,0 days 03:46:50,1,3,12,3.0,2.0
291,"-6.876641,-79.83725",-6.876641,-79.83725,Denuncia por invasión,3,A,2025-06-06,0 days 08:44:20,1,1,7,5.0,4.0
292,"-6.87921,-79.854442",-6.87921,-79.854442,Denuncia por invasión,B,A,2025-06-06,0 days 18:58:58,1,3,11,3.0,5.0
293,"-6.863772,-79.861597",-6.863772,-79.861597,Problema con agua,B,3,2025-06-06,0 days 00:57:05,1,3,1,3.0,
294,"-6.917859,-79.847903",-6.917859,-79.847903,Poste caído en la vía pública,C,A,2025-06-06,0 days 05:07:27,1,2,10,,3.0
295,"-6.874957,-79.858292",-6.874957,-79.858292,Ruido incomodo,B,2,2025-06-06,0 days 05:01:41,1,2,4,,1.0
296,"-6.873181,-79.813501",-6.873181,-79.813501,Poste caído en la vía pública,A,3,2025-06-06,0 days 03:02:46,1,3,6,1.0,2.0
297,"-6.913019,-79.832926",-6.913019,-79.832926,Incendio en el tercer piso,B,1,2025-06-06,0 days 11:28:49,1,1,12,,3.0
298,"-6.86553,-79.813782",-6.86553,-79.813782,Ruido incomodo,3,1,2025-06-06,0 days 09:55:20,1,2,5,2.0,3.0
299,"-6.92231,-79.823776",-6.92231,-79.823776,Ocurrio un accidente,B,1,2025-06-06,0 days 22:17:24,1,3,10,1.0,1.0
300,"-6.929294,-79.861392",-6.929294,-79.861392,Incendio en el tercer piso,C,P,2025-06-06,0 days 19:12:34,1,3,7,,4.0
301,"-6.876126,-79.830777",-6.876126,-79.830777,Denuncia por invasión,B,1,2025-06-07,0 days 03:25:23,1,1,5,1.0,5.0
302,"-6.920199,-79.851365",-6.920199,-79.851365,Ruido incomodo,3,2,2025-06-07,0 days 23:32:11,1,3,1,3.0,4.0
303,"-6.870499,-79.818313",-6.870499,-79.818313,Poste caído en la vía pública,3,P,2025-06-07,0 days 14:05:12,1,2,10,1.0,2.0
304,"-6.893359,-79.829173",-6.893359,-79.829173,Denuncia por invasión,B,A,2025-06-07,0 days 05:56:44,1,2,12,4.0,1.0
305,"-6.913967,-79.827318",-6.913967,-79.827318,Denuncia por invasión,C,1,2025-06-07,0 days 21:05:24,1,3,4,4.0,
306,"-6.886818,-79.842689",-6.886818,-79.842689,Problema con agua,A,1,2025-06-07,0 days 10:49:08,1,2,6,4.0,1.0
307,"-6.90008,-79.855873",-6.90008,-79.855873,Ocurrio un accidente,3,2,2025-06-07,0 days 07:52:33,1,3,6,4.0,5.0
308,"-6.859598,-79.855786",-6.859598,-79.855786,Problema con agua,B,P,2025-06-07,0 days 15:12:09,1,4,5,,1.0
309,"-6.893874,-79.845901",-6.893874,-79.845901,Problema con agua,B,A,2025-06-07,0 days 02:45:18,1,3,12,3.0,
310,"-6.921213,-79.821695",-6.921213,-79.821695,Ruido incomodo,3,A,2025-06-07,0 days 17:57:35,1,4,4,2.0,2.0
311,"-6.880564,-79.86401",-6.880564,-79.86401,Ocurrio un accidente,A,A,2025-06-07,0 days 07:16:11,1,4,3,5.0,1.0
312,"-6.928522,-79.835345",-6.928522,-79.835345,Ruido incomodo,C,2,2025-06-07,0 days 19:40:16,1,4,4,2.0,3.0
313,"-6.884408,-79.862834",-6.884408,-79.862834,Ruido incomodo,C,3,2025-06-07,0 days 12:55:10,1,3,6,2.0,3.0
314,"-6.863911,-79.865958",-6.863911,-79.865958,Incendio en el tercer piso,3,1,2025-06-07,0 days 04:57:06,1,1,1,2.0,
315,"-6.917202,-79.849348",-6.917202,-79.849348,Incendio en el tercer piso,3,1,2025-06-07,0 days 14:58:41,1,4,7,4.0,
316,"-6.877389,-79.819384",-6.877389,-79.819384,Ocurrio un accidente,B,2,2025-06-07,0 days 00:02:01,1,1,2,2.0,2.0
317,"-6.878465,-79.828468",-6.878465,-79.828468,Ocurrio un accidente,C,1,2025-06-07,0 days 22:44:10,1,3,12,1.0,2.0
318,"-6.910861,-79.841808",-6.910861,-79.841808,Incendio en el tercer piso,A,A,2025-06-07,0 days 12:13:18,1,3,10,1.0,4.0
319,"-6.873663,-79.830805",-6.873663,-79.830805,Poste caído en la vía pública,C,2,2025-06-07,0 days 14:14:12,1,3,7,,
320,"-6.924543,-79.846806",-6.924543,-79.846806,Poste caído en la vía pública,A,2,2025-06-07,0 days 10:29:25,1,1,10,2.0,1.0
321,"-6.898449,-79.82625",-6.898449,-79.82625,Problema con agua,B,P,2025-06-07,0 days 13:47:44,1,4,6,3.0,
322,"-6.901384,-79.815532",-6.901384,-79.815532,Problema con agua,3,A,2025-06-07,0 days 03:09:25,1,1,4,4.0,2.0
323,"-6.929325,-79.850022",-6.929325,-79.850022,Ocurrio un accidente,B,P,2025-06-07,0 days 15:43:47,1,4,6,,3.0
324,"-6.884313,-79.842183",-6.884313,-79.842183,Poste caído en la vía pública,C,3,2025-06-07,0 days 18:49:13,1,1,10,1.0,4.0
325,"-6.896099,-79.827619",-6.896099,-79.827619,Ocurrio un accidente,C,2,2025-06-07,0 days 04:03:52,1,1,7,1.0,1.0
326,"-6.891044,-79.847348",-6.891044,-79.847348,Incendio en el tercer piso,3,1,2025-06-07,0 days 19:19:02,1,1,6,2.0,1.0
327,"-6.884086,-79.867909",-6.884086,-79.867909,Denuncia por invasión,B,P,2025-06-07,0 days 09:48:04,1,1,10,2.0,5.0
328,"-6.903303,-79.833223",-6.903303,-79.833223,Robo en proceso,B,A,2025-06-07,0 days 05:03:56,1,4,4,1.0,1.0
329,"-6.910054,-79.858915",-6.910054,-79.858915,Poste caído en la vía pública,B,1,2025-06-07,0 days 07:00:15,1,2,3,2.0,
330,"-6.91311,-79.851068",-6.91311,-79.851068,Ruido incomodo,3,1,2025-06-07,0 days 10:40:08,1,3,12,3.0,4.0
331,"-6.883119,-79.812729",-6.883119,-79.812729,Poste caído en la vía pública,B,3,2025-06-07,0 days 03:56:13,1,1,9,5.0,2.0
332,"-6.881288,-79.842255",-6.881288,-79.842255,Problema con agua,C,1,2025-06-07,0 days 13:31:04,1,4,2,4.0,1.0
333,"-6.882964,-79.844949",-6.882964,-79.844949,Incendio en el tercer piso,A,3,2025-06-07,0 days 17:27:10,1,1,8,1.0,1.0
334,"-6.895319,-79.820459",-6.895319,-79.820459,Incendio en el tercer piso,B,1,2025-06-07,0 days 07:56:14,1,1,7,,1.0
335,"-6.928176,-79.861311",-6.928176,-79.861311,Robo en proceso,3,3,2025-06-07,0 days 15:28:08,1,4,8,5.0,3.0
336,"-6.858845,-79.862205",-6.858845,-79.862205,Incendio en el tercer piso,A,1,2025-06-07,0 days 07:44:37,1,1,12,4.0,5.0
337,"-6.892033,-79.868454",-6.892033,-79.868454,Ruido incomodo,B,P,2025-06-07,0 days 18:11:08,1,4,5,4.0,
338,"-6.926746,-79.853882",-6.926746,-79.853882,Problema con agua,C,A,2025-06-07,0 days 14:38:49,1,3,3,2.0,3.0
339,"-6.924087,-79.852621",-6.924087,-79.852621,Problema con agua,A,3,2025-06-07,0 days 23:53:44,1,2,2,,2.0
340,"-6.901958,-79.863707",-6.901958,-79.863707,Poste caído en la vía pública,B,1,2025-06-07,0 days 12:18:48,1,4,9,,3.0
341,"-6.914403,-79.84673",-6.914403,-79.84673,Denuncia por invasión,B,3,2025-06-07,0 days 20:18:14,1,2,3,1.0,5.0
342,"-6.920569,-79.824045",-6.920569,-79.824045,Incendio en el tercer piso,3,2,2025-06-07,0 days 12:56:08,1,1,4,4.0,5.0
343,"-6.906907,-79.831637",-6.906907,-79.831637,Denuncia por invasión,B,A,2025-06-07,0 days 10:02:55,1,1,12,3.0,5.0
344,"-6.893908,-79.836103",-6.893908,-79.836103,Incendio en el tercer piso,3,A,2025-06-07,0 days 16:52:09,1,3,12,4.0,2.0
345,"-6.860402,-79.867883",-6.860402,-79.867883,Denuncia por invasión,A,2,2025-06-07,0 days 02:24:14,1,3,3,1.0,2.0
346,"-6.888611,-79.813738",-6.888611,-79.813738,Robo en proceso,B,2,2025-06-07,0 days 15:35:39,1,3,5,2.0,1.0
347,"-6.919083,-79.822621",-6.919083,-79.822621,Incendio en el tercer piso,3,1,2025-06-07,0 days 07:07:00,1,1,9,4.0,5.0
348,"-6.876349,-79.842578",-6.876349,-79.842578,Denuncia por invasión,3,A,2025-06-07,0 days 01:13:51,1,2,2,2.0,
349,"-6.907697,-79.848569",-6.907697,-79.848569,Ruido incomodo,3,1,2025-06-07,0 days 04:57:09,1,4,12,5.0,1.0
350,"-6.866168,-79.852494",-6.866168,-79.852494,Poste caído en la vía pública,B,2,2025-06-07,0 days 12:47:55,1,4,9,5.0,5.0
351,"-6.884435,-79.816058",-6.884435,-79.816058,Robo en proceso,C,3,2025-06-08,0 days 00:05:53,1,1,11,5.0,1.0
352,"-6.890786,-79.827512",-6.890786,-79.827512,Problema con agua,B,1,2025-06-08,0 days 15:38:11,1,1,3,1.0,5.0
353,"-6.886443,-79.843687",-6.886443,-79.843687,Poste caído en la vía pública,B,A,2025-06-08,0 days 07:06:27,1,3,9,3.0,2.0
354,"-6.900346,-79.865736",-6.900346,-79.865736,Ocurrio un accidente,3,A,2025-06-08,0 days 20:50:54,1,3,12,3.0,3.0
355,"-6.894924,-79.858509",-6.894924,-79.858509,Incendio en el tercer piso,A,A,2025-06-08,0 days 01:23:55,1,1,12,4.0,
356,"-6.878211,-79.824771",-6.878211,-79.824771,Problema con agua,B,2,2025-06-08,0 days 06:58:43,1,3,3,5.0,4.0
357,"-6.917281,-79.863704",-6.917281,-79.863704,Problema con agua,3,3,2025-06-08,0 days 09:12:50,1,1,10,1.0,1.0
358,"-6.863306,-79.823297",-6.863306,-79.823297,Ruido incomodo,A,A,2025-06-08,0 days 07:45:00,1,4,9,2.0,4.0
359,"-6.903819,-79.860361",-6.903819,-79.860361,Incendio en el tercer piso,3,1,2025-06-08,0 days 09:02:22,1,1,2,5.0,1.0
360,"-6.900681,-79.83826",-6.900681,-79.83826,Poste caído en la vía pública,B,3,2025-06-08,0 days 16:33:28,1,1,5,4.0,1.0
361,"-6.891709,-79.826291",-6.891709,-79.826291,Ocurrio un accidente,A,3,2025-06-08,0 days 19:00:31,1,3,8,2.0,
362,"-6.854478,-79.852795",-6.854478,-79.852795,Denuncia por invasión,3,A,2025-06-08,0 days 11:42:17,1,1,7,3.0,4.0
363,"-6.905654,-79.864425",-6.905654,-79.864425,Denuncia por invasión,B,1,2025-06-08,0 days 05:52:01,1,2,12,5.0,3.0
364,"-6.919776,-79.847177",-6.919776,-79.847177,Ruido incomodo,3,2,2025-06-08,0 days 09:56:35,1,2,11,2.0,5.0
365,"-6.890708,-79.851945",-6.890708,-79.851945,Ruido incomodo,B,3,2025-06-08,0 days 23:25:47,1,2,3,4.0,2.0
366,"-6.874354,-79.869524",-6.874354,-79.869524,Problema con agua,3,1,2025-06-08,0 days 09:04:27,1,1,10,2.0,2.0
367,"-6.927763,-79.855797",-6.927763,-79.855797,Ruido incomodo,B,2,2025-06-08,0 days 11:37:12,1,3,3,,1.0
368,"-6.909803,-79.827126",-6.909803,-79.827126,Poste caído en la vía pública,3,A,2025-06-08,0 days 15:48:35,1,1,8,1.0,3.0
369,"-6.873903,-79.848037",-6.873903,-79.848037,Problema con agua,B,2,2025-06-08,0 days 20:04:27,1,2,9,1.0,2.0
370,"-6.904795,-79.865024",-6.904795,-79.865024,Ocurrio un accidente,B,1,2025-06-08,0 days 15:16:42,1,3,5,3.0,5.0
371,"-6.881706,-79.847958",-6.881706,-79.847958,Incendio en el tercer piso,B,3,2025-06-08,0 days 04:02:02,1,1,10,2.0,5.0
372,"-6.926912,-79.822278",-6.926912,-79.822278,Incendio en el tercer piso,C,A,2025-06-08,0 days 11:13:15,1,3,11,4.0,4.0
373,"-6.887079,-79.836398",-6.887079,-79.836398,Ruido incomodo,C,2,2025-06-08,0 days 03:00:55,1,3,5,3.0,4.0
374,"-6.924432,-79.835078",-6.924432,-79.835078,Ocurrio un accidente,A,2,2025-06-08,0 days 12:52:11,1,1,11,2.0,1.0
375,"-6.896405,-79.835069",-6.896405,-79.835069,Incendio en el tercer piso,C,A,2025-06-08,0 days 00:15:04,1,2,7,,3.0
376,"-6.915313,-79.833797",-6.915313,-79.833797,Problema con agua,C,P,2025-06-08,0 days 08:11:16,1,1,3,1.0,1.0
377,"-6.916816,-79.854233",-6.916816,-79.854233,Problema con agua,A,1,2025-06-08,0 days 23:47:32,1,4,2,4.0,4.0
378,"-6.907585,-79.869896",-6.907585,-79.869896,Ocurrio un accidente,3,3,2025-06-08,0 days 22:38:39,1,1,10,5.0,1.0
379,"-6.879217,-79.859113",-6.879217,-79.859113,Ruido incomodo,3,A,2025-06-08,0 days 05:19:11,1,1,9,2.0,
380,"-6.850926,-79.833917",-6.850926,-79.833917,Incendio en el tercer piso,C,2,2025-06-08,0 days 11:07:12,1,1,9,,3.0
381,"-6.924697,-79.862975",-6.924697,-79.862975,Ruido incomodo,A,A,2025-06-08,0 days 14:31:12,1,3,12,2.0,
382,"-6.900704,-79.854999",-6.900704,-79.854999,Denuncia por invasión,B,3,2025-06-08,0 days 22:45:03,1,2,4,,
383,"-6.871652,-79.823673",-6.871652,-79.823673,Poste caído en la vía pública,C,1,2025-06-08,0 days 15:14:01,1,4,12,,4.0
384,"-6.888464,-79.828014",-6.888464,-79.828014,Ocurrio un accidente,3,3,2025-06-08,0 days 02:28:38,1,3,9,2.0,4.0
385,"-6.926153,-79.838275",-6.926153,-79.838275,Robo en proceso,A,A,2025-06-08,0 days 08:54:13,1,2,1,4.0,3.0
386,"-6.918208,-79.854081",-6.918208,-79.854081,Robo en proceso,B,A,2025-06-08,0 days 09:21:15,1,1,3,1.0,4.0
387,"-6.913411,-79.867782",-6.913411,-79.867782,Incendio en el tercer piso,B,1,2025-06-08,0 days 11:45:48,1,3,4,1.0,5.0
388,"-6.88401,-79.849653",-6.88401,-79.849653,Incendio en el tercer piso,B,P,2025-06-08,0 days 06:06:22,1,4,8,,5.0
389,"-6.927974,-79.833092",-6.927974,-79.833092,Incendio en el tercer piso,B,P,2025-06-08,0 days 16:05:28,1,2,4,1.0,5.0
390,"-6.920013,-79.835473",-6.920013,-79.835473,Ruido incomodo,C,1,2025-06-08,0 days 08:17:24,1,2,11,3.0,1.0
391,"-6.896234,-79.815362",-6.896234,-79.815362,Problema con agua,C,P,2025-06-08,0 days 05:47:51,1,2,6,2.0,1.0
392,"-6.877068,-79.850933",-6.877068,-79.850933,Robo en proceso,3,3,2025-06-08,0 days 15:32:11,1,3,11,3.0,
393,"-6.884698,-79.868139",-6.884698,-79.868139,Incendio en el tercer piso,3,A,2025-06-08,0 days 04:44:54,1,1,5,1.0,
394,"-6.900555,-79.861756",-6.900555,-79.861756,Incendio en el tercer piso,A,3,2025-06-08,0 days 03:07:01,1,3,11,5.0,5.0
395,"-6.856698,-79.816925",-6.856698,-79.816925,Robo en proceso,A,1,2025-06-08,0 days 05:53:38,1,4,3,3.0,4.0
396,"-6.852493,-79.859715",-6.852493,-79.859715,Poste caído en la vía pública,B,3,2025-06-08,0 days 22:18:44,1,1,12,2.0,2.0
397,"-6.852688,-79.824002",-6.852688,-79.824002,Ocurrio un accidente,C,3,2025-06-08,0 days 08:37:33,1,1,4,1.0,
398,"-6.908547,-79.831179",-6.908547,-79.831179,Denuncia por invasión,A,P,2025-06-08,0 days 18:45:40,1,3,12,1.0,2.0
399,"-6.866714,-79.84228",-6.866714,-79.84228,Problema con agua,3,1,2025-06-08,0 days 23:01:02,1,2,6,3.0,5.0
400,"-6.919479,-79.845047",-6.919479,-79.845047,Ruido incomodo,A,2,2025-06-08,0 days 19:15:22,1,3,4,3.0,2.0
401,"-6.92572,-79.865101",-6.92572,-79.865101,Incendio en el tercer piso,3,P,2025-06-09,0 days 16:01:35,1,4,7,1.0,3.0
402,"-6.926457,-79.817195",-6.926457,-79.817195,Denuncia por invasión,3,A,2025-06-09,0 days 10:41:04,1,1,12,1.0,4.0
403,"-6.86604,-79.846297",-6.86604,-79.846297,Ocurrio un accidente,3,A,2025-06-09,0 days 01:57:34,1,1,12,2.0,3.0
404,"-6.860969,-79.842841",-6.860969,-79.842841,Poste caído en la vía pública,3,2,2025-06-09,0 days 03:14:27,1,4,3,,
405,"-6.872165,-79.867309",-6.872165,-79.867309,Ocurrio un accidente,A,1,2025-06-09,0 days 19:03:16,1,4,6,1.0,2.0
406,"-6.878831,-79.838794",-6.878831,-79.838794,Ruido incomodo,A,A,2025-06-09,0 days 14:02:28,1,1,1,,3.0
407,"-6.876992,-79.811444",-6.876992,-79.811444,Poste caído en la vía pública,3,3,2025-06-09,0 days 20:07:56,1,4,5,3.0,2.0
408,"-6.857364,-79.863234",-6.857364,-79.863234,Denuncia por invasión,C,3,2025-06-09,0 days 11:51:22,1,4,6,2.0,1.0
409,"-6.904498,-79.849526",-6.904498,-79.849526,Incendio en el tercer piso,C,1,2025-06-09,0 days 21:05:37,1,1,4,3.0,3.0
410,"-6.911883,-79.860035",-6.911883,-79.860035,Problema con agua,A,P,2025-06-09,0 days 01:53:08,1,4,9,,3.0
411,"-6.892839,-79.843359",-6.892839,-79.843359,Poste caído en la vía pública,C,3,2025-06-09,0 days 02:22:42,1,2,8,2.0,4.0
412,"-6.890168,-79.841988",-6.890168,-79.841988,Robo en proceso,A,3,2025-06-09,0 days 11:31:59,1,4,8,2.0,
413,"-6.880179,-79.86883",-6.880179,-79.86883,Problema con agua,C,3,2025-06-09,0 days 16:58:00,1,3,4,3.0,1.0
414,"-6.876281,-79.857279",-6.876281,-79.857279,Robo en proceso,B,A,2025-06-09,0 days 14:14:42,1,1,1,3.0,1.0
415,"-6.900314,-79.860508",-6.900314,-79.860508,Problema con agua,C,P,2025-06-09,0 days 19:02:31,1,3,4,4.0,1.0
416,"-6.870313,-79.833994",-6.870313,-79.833994,Ocurrio un accidente,B,3,2025-06-09,0 days 14:11:03,1,4,4,4.0,5.0
417,"-6.908619,-79.820275",-6.908619,-79.820275,Problema con agua,C,3,2025-06-09,0 days 00:39:49,1,2,8,,2.0
418,"-6.91875,-79.850772",-6.91875,-79.850772,Incendio en el tercer piso,3,1,2025-06-09,0 days 14:42:14,1,3,4,1.0,
419,"-6.905418,-79.834564",-6.905418,-79.834564,Ocurrio un accidente,A,3,2025-06-09,0 days 07:31:19,1,2,6,3.0,2.0
420,"-6.851771,-79.85698",-6.851771,-79.85698,Ruido incomodo,A,2,2025-06-09,0 days 03:59:12,1,4,1,5.0,4.0
421,"-6.902915,-79.858074",-6.902915,-79.858074,Robo en proceso,A,1,2025-06-09,0 days 16:37:44,1,1,11,5.0,5.0
422,"-6.902422,-79.820675",-6.902422,-79.820675,Ruido incomodo,A,2,2025-06-09,0 days 06:32:22,1,4,12,1.0,4.0
423,"-6.882788,-79.860221",-6.882788,-79.860221,Ruido incomodo,C,2,2025-06-09,0 days 07:28:30,1,1,3,1.0,3.0
424,"-6.856854,-79.850949",-6.856854,-79.850949,Ruido incomodo,C,3,2025-06-09,0 days 04:11:27,1,1,9,,3.0
425,"-6.908688,-79.820255",-6.908688,-79.820255,Poste caído en la vía pública,C,A,2025-06-09,0 days 11:04:11,1,2,12,3.0,4.0
426,"-6.909727,-79.853751",-6.909727,-79.853751,Ruido incomodo,3,3,2025-06-09,0 days 18:27:56,1,3,7,2.0,4.0
427,"-6.859317,-79.819094",-6.859317,-79.819094,Denuncia por invasión,A,1,2025-06-09,0 days 03:54:32,1,1,8,3.0,3.0
428,"-6.870234,-79.865566",-6.870234,-79.865566,Poste caído en la vía pública,C,P,2025-06-09,0 days 03:46:06,1,4,8,3.0,4.0
429,"-6.861985,-79.860811",-6.861985,-79.860811,Denuncia por invasión,B,A,2025-06-09,0 days 15:41:10,1,2,7,4.0,5.0
430,"-6.922118,-79.849616",-6.922118,-79.849616,Poste caído en la vía pública,3,1,2025-06-09,0 days 18:13:18,1,2,9,3.0,
431,"-6.869856,-79.823548",-6.869856,-79.823548,Incendio en el tercer piso,A,1,2025-06-09,0 days 14:09:42,1,1,10,1.0,3.0
432,"-6.899615,-79.865878",-6.899615,-79.865878,Ocurrio un accidente,C,P,2025-06-09,0 days 08:06:23,1,2,9,4.0,5.0
433,"-6.896115,-79.814684",-6.896115,-79.814684,Ocurrio un accidente,A,A,2025-06-09,0 days 19:58:51,1,4,6,1.0,
434,"-6.885856,-79.814531",-6.885856,-79.814531,Poste caído en la vía pública,B,2,2025-06-09,0 days 14:07:06,1,3,12,2.0,1.0
435,"-6.881836,-79.863483",-6.881836,-79.863483,Denuncia por invasión,B,1,2025-06-09,0 days 17:15:42,1,3,4,5.0,1.0
436,"-6.901577,-79.845548",-6.901577,-79.845548,Robo en proceso,C,P,2025-06-09,0 days 09:44:59,1,2,4,4.0,3.0
437,"-6.891999,-79.84627",-6.891999,-79.84627,Incendio en el tercer piso,B,3,2025-06-09,0 days 17:16:02,1,1,4,,2.0
438,"-6.920094,-79.866484",-6.920094,-79.866484,Robo en proceso,3,A,2025-06-09,0 days 03:42:02,1,3,10,5.0,
439,"-6.925723,-79.835728",-6.925723,-79.835728,Incendio en el tercer piso,C,1,2025-06-09,0 days 17:15:49,1,2,7,3.0,1.0
440,"-6.910253,-79.825906",-6.910253,-79.825906,Incendio en el tercer piso,A,1,2025-06-09,0 days 04:30:12,1,2,1,5.0,3.0
441,"-6.925205,-79.851737",-6.925205,-79.851737,Denuncia por invasión,C,1,2025-06-09,0 days 23:58:34,1,1,6,1.0,1.0
442,"-6.888078,-79.864968",-6.888078,-79.864968,Poste caído en la vía pública,A,2,2025-06-09,0 days 15:18:55,1,1,7,2.0,2.0
443,"-6.899495,-79.812564",-6.899495,-79.812564,Problema con agua,A,P,2025-06-09,0 days 01:39:44,1,1,4,,4.0
444,"-6.905197,-79.848221",-6.905197,-79.848221,Robo en proceso,3,P,2025-06-09,0 days 00:18:14,1,4,10,1.0,1.0
445,"-6.913764,-79.829444",-6.913764,-79.829444,Denuncia por invasión,C,2,2025-06-09,0 days 06:16:55,1,2,8,4.0,3.0
446,"-6.865502,-79.843172",-6.865502,-79.843172,Problema con agua,B,2,2025-06-09,0 days 05:34:00,1,2,12,,
447,"-6.894358,-79.866169",-6.894358,-79.866169,Problema con agua,C,1,2025-06-09,0 days 21:22:01,1,2,3,2.0,4.0
448,"-6.862944,-79.869848",-6.862944,-79.869848,Denuncia por invasión,A,2,2025-06-09,0 days 12:22:50,1,3,7,3.0,4.0
449,"-6.901159,-79.838609",-6.901159,-79.838609,Incendio en el tercer piso,A,A,2025-06-09,0 days 11:38:03,1,1,3,3.0,
450,"-6.896881,-79.815934",-6.896881,-79.815934,Incendio en el tercer piso,3,3,2025-06-09,0 days 17:54:34,1,3,10,1.0,5.0
451,"-6.89535,-79.810393",-6.89535,-79.810393,Incendio en el tercer piso,A,1,2025-06-10,0 days 19:52:13,1,4,11,,1.0
452,"-6.885954,-79.84325",-6.885954,-79.84325,Incendio en el tercer piso,B,A,2025-06-10,0 days 20:48:56,1,3,1,2.0,
453,"-6.914239,-79.860267",-6.914239,-79.860267,Incendio en el tercer piso,A,3,2025-06-10,0 days 04:40:53,1,1,11,3.0,3.0
454,"-6.894578,-79.857818",-6.894578,-79.857818,Robo en proceso,3,2,2025-06-10,0 days 18:19:27,1,2,12,2.0,2.0
455,"-6.90532,-79.855302",-6.90532,-79.855302,Poste caído en la vía pública,A,2,2025-06-10,0 days 11:50:12,1,4,8,4.0,4.0
456,"-6.908461,-79.85851",-6.908461,-79.85851,Ruido incomodo,B,A,2025-06-10,0 days 01:16:25,1,1,7,2.0,1.0
457,"-6.890213,-79.828027",-6.890213,-79.828027,Poste caído en la vía pública,B,1,2025-06-10,0 days 19:27:56,1,3,9,,4.0
458,"-6.902311,-79.866873",-6.902311,-79.866873,Incendio en el tercer piso,C,3,2025-06-10,0 days 08:09:09,1,2,8,3.0,
459,"-6.915679,-79.831052",-6.915679,-79.831052,Ocurrio un accidente,A,3,2025-06-10,0 days 17:40:14,1,1,4,,2.0
460,"-6.912132,-79.817282",-6.912132,-79.817282,Poste caído en la vía pública,C,3,2025-06-10,0 days 10:18:54,1,4,5,5.0,1.0
461,"-6.875246,-79.81961",-6.875246,-79.81961,Denuncia por invasión,A,1,2025-06-10,0 days 03:21:41,1,4,9,3.0,4.0
462,"-6.890958,-79.834725",-6.890958,-79.834725,Problema con agua,C,1,2025-06-10,0 days 17:48:55,1,4,1,,4.0
463,"-6.902407,-79.867206",-6.902407,-79.867206,Incendio en el tercer piso,C,A,2025-06-10,0 days 06:36:27,1,2,2,,
464,"-6.871599,-79.841118",-6.871599,-79.841118,Incendio en el tercer piso,3,A,2025-06-10,0 days 16:22:19,1,2,6,2.0,
465,"-6.878387,-79.841566",-6.878387,-79.841566,Incendio en el tercer piso,3,P,2025-06-10,0 days 22:26:18,1,3,2,4.0,
466,"-6.906398,-79.865155",-6.906398,-79.865155,Poste caído en la vía pública,C,A,2025-06-10,0 days 06:38:33,1,3,4,1.0,2.0
467,"-6.894269,-79.866269",-6.894269,-79.866269,Ocurrio un accidente,A,3,2025-06-10,0 days 12:43:37,1,2,6,1.0,2.0
468,"-6.89449,-79.827545",-6.89449,-79.827545,Ocurrio un accidente,3,1,2025-06-10,0 days 18:28:04,1,3,10,5.0,2.0
469,"-6.893147,-79.854748",-6.893147,-79.854748,Ocurrio un accidente,A,2,2025-06-10,0 days 05:37:15,1,2,5,2.0,3.0
470,"-6.920593,-79.833362",-6.920593,-79.833362,Ruido incomodo,B,P,2025-06-10,0 days 23:15:59,1,1,2,5.0,4.0
471,"-6.901143,-79.853652",-6.901143,-79.853652,Robo en proceso,3,3,2025-06-10,0 days 11:03:16,1,4,4,,4.0
472,"-6.875494,-79.863971",-6.875494,-79.863971,Incendio en el tercer piso,C,A,2025-06-10,0 days 00:58:45,1,2,11,4.0,
473,"-6.8924,-79.852375",-6.8924,-79.852375,Robo en proceso,C,P,2025-06-10,0 days 23:33:24,1,3,3,3.0,5.0
474,"-6.852865,-79.855042",-6.852865,-79.855042,Problema con agua,B,2,2025-06-10,0 days 08:16:11,1,4,4,5.0,3.0
475,"-6.873862,-79.812713",-6.873862,-79.812713,Denuncia por invasión,A,P,2025-06-10,0 days 08:33:00,1,4,5,5.0,3.0
476,"-6.87039,-79.86246",-6.87039,-79.86246,Ruido incomodo,B,A,2025-06-10,0 days 22:32:34,1,4,12,1.0,5.0
477,"-6.908103,-79.840786",-6.908103,-79.840786,Incendio en el tercer piso,C,3,2025-06-10,0 days 18:33:11,1,3,6,3.0,3.0
478,"-6.86637,-79.847765",-6.86637,-79.847765,Problema con agua,A,3,2025-06-10,0 days 16:52:16,1,1,2,1.0,
479,"-6.867113,-79.856949",-6.867113,-79.856949,Incendio en el tercer piso,C,P,2025-06-10,0 days 21:57:54,1,2,6,,4.0
480,"-6.879611,-79.869554",-6.879611,-79.869554,Ocurrio un accidente,C,P,2025-06-10,0 days 20:27:49,1,4,7,2.0,
481,"-6.884283,-79.826756",-6.884283,-79.826756,Problema con agua,B,3,2025-06-10,0 days 14:43:41,1,1,1,3.0,3.0
482,"-6.860042,-79.834523",-6.860042,-79.834523,Ocurrio un accidente,3,1,2025-06-10,0 days 03:30:26,1,4,7,5.0,2.0
483,"-6.883302,-79.841284",-6.883302,-79.841284,Problema con agua,C,2,2025-06-10,0 days 23:10:57,1,1,10,4.0,4.0
484,"-6.905673,-79.819164",-6.905673,-79.819164,Denuncia por invasión,3,3,2025-06-10,0 days 00:35:07,1,4,12,3.0,2.0
485,"-6.928275,-79.860661",-6.928275,-79.860661,Problema con agua,3,3,2025-06-10,0 days 21:38:33,1,4,5,4.0,
486,"-6.87846,-79.86664",-6.87846,-79.86664,Problema con agua,B,3,2025-06-10,0 days 08:12:30,1,4,4,1.0,4.0
487,"-6.910746,-79.819563",-6.910746,-79.819563,Robo en proceso,A,3,2025-06-10,0 days 05:03:58,1,4,8,3.0,4.0
488,"-6.887404,-79.835338",-6.887404,-79.835338,Denuncia por invasión,3,3,2025-06-10,0 days 09:16:19,1,2,8,,1.0
489,"-6.89912,-79.847739",-6.89912,-79.847739,Denuncia por invasión,3,P,2025-06-10,0 days 08:45:34,1,1,2,5.0,1.0
490,"-6.876877,-79.833625",-6.876877,-79.833625,Poste caído en la vía pública,A,A,2025-06-10,0 days 19:47:24,1,3,2,4.0,1.0
491,"-6.862113,-79.866167",-6.862113,-79.866167,Poste caído en la vía pública,3,P,2025-06-10,0 days 19:04:20,1,1,6,,1.0
492,"-6.896607,-79.852306",-6.896607,-79.852306,Poste caído en la vía pública,3,3,2025-06-10,0 days 19:58:09,1,1,2,5.0,5.0
493,"-6.880069,-79.813954",-6.880069,-79.813954,Denuncia por invasión,3,P,2025-06-10,0 days 03:18:29,1,1,9,4.0,4.0
494,"-6.923102,-79.820338",-6.923102,-79.820338,Robo en proceso,A,2,2025-06-10,0 days 18:12:15,1,3,11,4.0,2.0
495,"-6.898629,-79.82019",-6.898629,-79.82019,Ruido incomodo,C,P,2025-06-10,0 days 18:55:59,1,2,5,,1.0
496,"-6.873737,-79.862482",-6.873737,-79.862482,Ocurrio un accidente,C,2,2025-06-10,0 days 11:22:43,1,4,3,5.0,1.0
497,"-6.883759,-79.812745",-6.883759,-79.812745,Denuncia por invasión,B,P,2025-06-10,0 days 13:21:06,1,1,5,5.0,
498,"-6.923733,-79.838952",-6.923733,-79.838952,Robo en proceso,A,2,2025-06-10,0 days 18:49:40,1,4,7,4.0,
499,"-6.867787,-79.84764",-6.867787,-79.84764,Problema con agua,3,P,2025-06-10,0 days 21:28:33,1,1,7,,5.0
500,"-6.878961,-79.839468",-6.878961,-79.839468,Incendio en el tercer piso,3,2,2025-06-10,0 days 09:15:11,1,4,10,,
